file,chunk_id,content
./data/pdf/62_2021_Handwritten Kazakh and Russian HKR database.pdf,1,"Vol.:(0123456789)Multimedia Tools and Applications https://doi.org/10.1007/s11042-021-11399-6 1 3 Handwritten Kazakh and Russian (HKR) database for text recognition Daniyar Nurseitov1,3  Kairat Bostanbekov1,3  Daniyar Kurmankhojayev2  Anel Alimova1,3  Abdelrahman Abdallah1,3  Rassul Tolegenov3 Received: 25 November 2020 / Revised: 29 July 2021 / Accepted: 2 August 2021  The Author(s), under exclusive licence to Springer Science+Business Media, LLC, part of Springer Nature 2021 Abstract In this paper, we introduce a large scale dataset, called HKR, to address challenging detection and recognition problems of handwritten Russian and Kazakh text in the scanned documents."
./data/pdf/62_2021_Handwritten Kazakh and Russian HKR database.pdf,2,We present a new Russian and Kazakh database (with about 95% of Russian and 5% of Kazakh words/sentences respectively) for offline handwriting recognition.
./data/pdf/62_2021_Handwritten Kazakh and Russian HKR database.pdf,3,A few pre-processing and segmentation procedures have been developed together with the database. The database is written in Cyrillic and shares the same 33 characters.
./data/pdf/62_2021_Handwritten Kazakh and Russian HKR database.pdf,4,"Besides these characters, the Kazakh alphabet also contains 9 additional specific characters. This dataset is a collection of forms."
./data/pdf/62_2021_Handwritten Kazakh and Russian HKR database.pdf,5,The sources of all the forms in the datasets were generated by LaTeXwhich subsequently was filled out by persons with their handwriting. The database consists of more than 1500 filled forms.
./data/pdf/62_2021_Handwritten Kazakh and Russian HKR database.pdf,6,"There are approximately 63000 sentences, more than 715699 symbols produced by approximately 200 different writers."
./data/pdf/62_2021_Handwritten Kazakh and Russian HKR database.pdf,7,It can serve researchers in the field of handwriting recognition tasks by using deep and machine learning.
./data/pdf/62_2021_Handwritten Kazakh and Russian HKR database.pdf,8,"For experiments, we used several popular text recognition methods for word and line recognition like CTC-based and attention-based methods. The results indicate the diversity of HKR."
./data/pdf/62_2021_Handwritten Kazakh and Russian HKR database.pdf,9,The dataset is available at https:// github. com/ abdoe lsaye d2016/ HKR_ Datas et.
./data/pdf/62_2021_Handwritten Kazakh and Russian HKR database.pdf,10,"Keywords Document analysis and recognition  Handwritten Russian and Kazakh text recognition  Benchmark dataset 1 Introduction Today, handwriting recognition is a very urgent task."
./data/pdf/62_2021_Handwritten Kazakh and Russian HKR database.pdf,11,A solution to this problem would automate the business processes of many companies.
./data/pdf/62_2021_Handwritten Kazakh and Russian HKR database.pdf,12,"One of the clear examples is a postal company, where the task of sorting a large volume of letters and parcels is an acute issue."
./data/pdf/62_2021_Handwritten Kazakh and Russian HKR database.pdf,13,"* Abdelrahman Abdallah abdoelsayed2016@gmail.com 1 KazMunayGas Engineering LLP, Nur -Sultan, Kazakhstan 2 Hong Kong Polytechnic University, Hung Hom, Hong Kong 3 Satbayev University Almaty, Almaty, Kazakhstan Content courtesy of Springer Nature, terms of use apply."
./data/pdf/62_2021_Handwritten Kazakh and Russian HKR database.pdf,14,"Rights reserved. Multimedia Tools and Applications 1 3 Many researchers have made different types of handwritten text recognition systems for different languages such as English [19, 35, 59], Chinese [54, 60], Arabic [43], Japanese [14], Bangla [8], Malyalam [31], etc."
./data/pdf/62_2021_Handwritten Kazakh and Russian HKR database.pdf,15,"Having said that, the recognition problems of these scripts cannot be considered to be entirely solved. Any language contains a large number of words."
./data/pdf/62_2021_Handwritten Kazakh and Russian HKR database.pdf,16,"For example, dictionaries of the Russian and Kazakh languages on average register more than 100,000 words, and the Oxford English dictionary more than 300,000 words."
./data/pdf/62_2021_Handwritten Kazakh and Russian HKR database.pdf,17,"In this regard, collecting an exhaustive database of handwritten words, which include all words with a large variation in handwriting, seems almost impossible."
./data/pdf/62_2021_Handwritten Kazakh and Russian HKR database.pdf,18,"In other words, there is always a word that the system cannot recognize. To the best of our knowledge, the analogs of handwritten text database for Russian and Kazakh languages do not exist."
./data/pdf/62_2021_Handwritten Kazakh and Russian HKR database.pdf,19,"To create such a database, we decided to adopt the general principles of data collection and storage described in the IAM Database [39]."
./data/pdf/62_2021_Handwritten Kazakh and Russian HKR database.pdf,20,"In the context of handwritten address recognition, it is necessary to identify the many key words that can occur in the address."
./data/pdf/62_2021_Handwritten Kazakh and Russian HKR database.pdf,21,"In this paper, we describe the first version of a database that contains Russian words and also present a new database for offline handwriting recognition."
./data/pdf/62_2021_Handwritten Kazakh and Russian HKR database.pdf,22,The collection of this database combines the following steps.
./data/pdf/62_2021_Handwritten Kazakh and Russian HKR database.pdf,23,"As an initial step, we collected the first data set with our own hands, since it is almost impossible to find such a set publicly available."
./data/pdf/62_2021_Handwritten Kazakh and Russian HKR database.pdf,24,"This dataset was obtained by using forms, which consisted of machine-typed texts, and empty lines next to those texts. These empty lines were subsequently filled out by persons with their handwriting."
./data/pdf/62_2021_Handwritten Kazakh and Russian HKR database.pdf,25,"It can serve as a basis for a variety of handwriting recognition tasks. Next, the same way we collected handwritten Kazakh and Russian alphabet in Cyrillic."
./data/pdf/62_2021_Handwritten Kazakh and Russian HKR database.pdf,26,The last set of data came from handwritten samples of poems also filled by our own hands in Russian language.
./data/pdf/62_2021_Handwritten Kazakh and Russian HKR database.pdf,27,"Overall, the databases were produced by approximately 200 different writers, each having 5 to 10 forms (made up of poem and keyword texts) to fill."
./data/pdf/62_2021_Handwritten Kazakh and Russian HKR database.pdf,28,"For these purposes, we determined the minimum set of words, which includes all the names of cities, towns, villages, districts, and streets in Kazakhstan, and created layouts for filling out forms."
./data/pdf/62_2021_Handwritten Kazakh and Russian HKR database.pdf,29,Forms were created in such a way as to simplify the process of cutting words from the form as much as possible (Fig. 1).
./data/pdf/62_2021_Handwritten Kazakh and Russian HKR database.pdf,30,"Extensive experiments related to the pre-processing of forms were also carried out in order to automatically identify forms, determine the contours of forms, compensate rotations, and also remove edge artifacts at the boundaries of segmented words."
./data/pdf/62_2021_Handwritten Kazakh and Russian HKR database.pdf,31,"To solve the problem of recognition and processing of natural languages (natural language processing), which consists of optical recognition of characters of the manuscript texts in Russian and Kazakh languages, innovative software is being developed using stateof-the-art neural network-based machine learning methods."
./data/pdf/62_2021_Handwritten Kazakh and Russian HKR database.pdf,32,The following section defines the related work on Handwriting Databases. Section 3 presents the Data collection and storage phases as one of the most time consuming and costly stages.
./data/pdf/62_2021_Handwritten Kazakh and Russian HKR database.pdf,33,Section 4 provides Automated Labeling and Words Segmentation. Section 5 provides further characteristics of the Database.
./data/pdf/62_2021_Handwritten Kazakh and Russian HKR database.pdf,34,Section 6 provides Experiment Result on the HKR dataset and conclusion and future work are given in Sect. 7.
./data/pdf/62_2021_Handwritten Kazakh and Russian HKR database.pdf,35,"2 Related work The IAM Handwriting Database [39, 40] comprises handwritten samples in English that can be used to evaluate systems like text segmentation, handwriting recognition, writer identification and writer verification."
./data/pdf/62_2021_Handwritten Kazakh and Russian HKR database.pdf,36,"The database is developed on the Lancaster-Oslo/ Content courtesy of Springer Nature, terms of use apply."
./data/pdf/62_2021_Handwritten Kazakh and Russian HKR database.pdf,37,Rights reserved.Multimedia Tools and Applications 1 3 Bergen Corpus and comprises forms where the contributors copied a given text in their natural unconstrained handwriting.
./data/pdf/62_2021_Handwritten Kazakh and Russian HKR database.pdf,38,Each form was subsequently scanned at 300 dpi and saved as a gray level (8-bit) PNG image.
./data/pdf/62_2021_Handwritten Kazakh and Russian HKR database.pdf,39,"The IAM Handwriting Database 3.0 includes contributions from 657 writers, making a total of 1539 handwritten pages comprising 5685 sentences, 13,353 text lines, and 115,320 words."
./data/pdf/62_2021_Handwritten Kazakh and Russian HKR database.pdf,40,"The database is labeled at the sentence, line, and word levels."
./data/pdf/62_2021_Handwritten Kazakh and Russian HKR database.pdf,41,"It has been widely used in word spotting [18, 21, 57, 58], writer identification [7, 11, 13, 30, 51], handwriting gender prediction [37, 38], handwritten text segmentation [46, 47, 61] and offline handwriting recognition [12, 16, 22, 26]."
./data/pdf/62_2021_Handwritten Kazakh and Russian HKR database.pdf,42,RIMES [24] is a representative database of an industrial application.
./data/pdf/62_2021_Handwritten Kazakh and Russian HKR database.pdf,43,The main idea of developing this database was to collect handwritten samples similar to those that are sent to different companies by postal mail and fax by individuals.
./data/pdf/62_2021_Handwritten Kazakh and Russian HKR database.pdf,44,Each contributor was assigned a fictitious identity and a maximum of up to five different scenarios from a set of nine themes.
./data/pdf/62_2021_Handwritten Kazakh and Russian HKR database.pdf,45,These themes included real-world scenarios like damage declaration or modification of contract.
./data/pdf/62_2021_Handwritten Kazakh and Russian HKR database.pdf,46,The subjects were required to compose a letter for a given scenario using their own words and layout on white paper using black ink.
./data/pdf/62_2021_Handwritten Kazakh and Russian HKR database.pdf,47,"A total of 1300 volunteers contributed to data collection, providing 12,723 pages corresponding to 5605 mails."
./data/pdf/62_2021_Handwritten Kazakh and Russian HKR database.pdf,48,"Each mail contains two to three pages, including the letter written by the contributor, a form with information about the letter, and an optional fax sheet."
./data/pdf/62_2021_Handwritten Kazakh and Russian HKR database.pdf,49,"The pages were scanned, and the complete database was annotated to support evaluation of tasks like document layout Fig. 1 One of the poem form in the dataset."
./data/pdf/62_2021_Handwritten Kazakh and Russian HKR database.pdf,50,"The database consists of more than 1500 filled forms Content courtesy of Springer Nature, terms of use apply. Rights reserved."
./data/pdf/62_2021_Handwritten Kazakh and Russian HKR database.pdf,51,"Multimedia Tools and Applications 1 3 analysis [41], mail classification [32], handwriting recognition [25] and writer recognition [51]."
./data/pdf/62_2021_Handwritten Kazakh and Russian HKR database.pdf,52,"The National Institute of Standards and Technology, NIST, developed a series of databases [23] of handwritten characters and digits supporting tasks like isolation of fields, detection and removal of boxes in forms, character segmentation, and recognition."
./data/pdf/62_2021_Handwritten Kazakh and Russian HKR database.pdf,53,"The form comprises boxes containing writer information, 28 boxes for numbers and 2 for alphabets, and 1 box for a paragraph of text."
./data/pdf/62_2021_Handwritten Kazakh and Russian HKR database.pdf,54,The NIST Special Database 1 comprised samples contributed by 2100 writers.
./data/pdf/62_2021_Handwritten Kazakh and Russian HKR database.pdf,55,"The latest version of the database, the Special Database 19, comprises handwritten forms of 3600 writers with 810,000 isolated character images along with ground truth information."
./data/pdf/62_2021_Handwritten Kazakh and Russian HKR database.pdf,56,This database has been widely employed in a variety of handwritten digits [27] and character recognition systems [52].
./data/pdf/62_2021_Handwritten Kazakh and Russian HKR database.pdf,57,"CVL [33] is a database of handwritten samples supporting handwriting recognition, word spotting, and writer recognition."
./data/pdf/62_2021_Handwritten Kazakh and Russian HKR database.pdf,58,"The database consists of seven different handwritten texts, one in German and six in English."
./data/pdf/62_2021_Handwritten Kazakh and Russian HKR database.pdf,59,"A total of 310 volunteers contributed to data collection, with 27 authors producing 7 and 283 writers providing 5 pages each."
./data/pdf/62_2021_Handwritten Kazakh and Russian HKR database.pdf,60,"The ground truth data is available in XML format, which includes a transcription of the text, the bounding box of each word, and the identity of the writer."
./data/pdf/62_2021_Handwritten Kazakh and Russian HKR database.pdf,61,The database has been used for writer recognition and retrieval [17] and can also be employed for other recognition tasks.
./data/pdf/62_2021_Handwritten Kazakh and Russian HKR database.pdf,62,"In addition to regular text, a database of handwritten digit strings written by 303 students has also been compiled [15]."
./data/pdf/62_2021_Handwritten Kazakh and Russian HKR database.pdf,63,"Each writer provided 26 different digit strings of different lengths, making a total of 7800 samples."
./data/pdf/62_2021_Handwritten Kazakh and Russian HKR database.pdf,64,Isolated digits were extracted from the database to form a separate dataset  the CVL Single Digit Dataset. The Single Digit Dataset comprises 3578 samples for each of the digit class (0-9).
./data/pdf/62_2021_Handwritten Kazakh and Russian HKR database.pdf,65,A subset of this database has also been used in the ICDAR 2013 digit recognition competition [15].
./data/pdf/62_2021_Handwritten Kazakh and Russian HKR database.pdf,66,The AHDB [4] is an offline database of Arabic handwriting together with several preprocessing procedures. It contains Arabic handwritten paragraphs and words.
./data/pdf/62_2021_Handwritten Kazakh and Russian HKR database.pdf,67,Words used to represent numbers on checks produced by 100 different writers.
./data/pdf/62_2021_Handwritten Kazakh and Russian HKR database.pdf,68,"The database was mainly intended to support automatic processing of bank checks, but it also contains pages of unconstrained texts allowing evaluation of generic Arabic handwriting recognition systems as well."
./data/pdf/62_2021_Handwritten Kazakh and Russian HKR database.pdf,69,The database was employed in handwriting recognition [5] and writer identification tasks [3]. IFN/ENIT [44] is an database of handwritten Arabic town/village names is presented in this paper.
./data/pdf/62_2021_Handwritten Kazakh and Russian HKR database.pdf,70,411 writers filled out forms with approximately 26400 names totaling over 210000 characters. Its made for training and evaluating handwritten Arabic word recognition systems.
./data/pdf/62_2021_Handwritten Kazakh and Russian HKR database.pdf,71,There are 26459 handwritten Tunisian town/village names in the IFN/ENIT database.
./data/pdf/62_2021_Handwritten Kazakh and Russian HKR database.pdf,72,"CASIA [34] This dataset includes collections of isolated characters and handwritten texts from online and offline Chinese handwriting databases. A total of 1,020 authors contributed to the samples."
./data/pdf/62_2021_Handwritten Kazakh and Russian HKR database.pdf,73,"Isolated character datasets, whether online or offline, contain approximately 3.9 million samples of 7,356 groups (7,185 Chinese characters and 171 symbols), while handwritten text datasets contain approximately 5,090 pages and 1.35 million character samples."
./data/pdf/62_2021_Handwritten Kazakh and Russian HKR database.pdf,74,Each dataset is divided into standard training and test subsets and segmented and annotated at the character level.
./data/pdf/62_2021_Handwritten Kazakh and Russian HKR database.pdf,75,Various handwritten text review activities can be researched using the online and offline databases.
./data/pdf/62_2021_Handwritten Kazakh and Russian HKR database.pdf,76,"For Chinese handwriting, Shusen Zhou proposed [60] First, utilizing digital ink techniques, the client end samples and redisplays handwritten text, segments handwritten characters, change them, and stores original handwritten information into a self-defined document."
./data/pdf/62_2021_Handwritten Kazakh and Russian HKR database.pdf,77,"Second, using the suggested Gabor feature extraction and affinity propagation clustering (GFAP) approach, the server recognizes handwritten documents and delivers the recognition results to the client."
./data/pdf/62_2021_Handwritten Kazakh and Russian HKR database.pdf,78,"Content courtesy of Springer Nature, terms of use apply."
./data/pdf/62_2021_Handwritten Kazakh and Russian HKR database.pdf,79,Rights reserved.Multimedia Tools and Applications 1 3 3 Data collection and storage 3.1 Data collection A data collection phase is one of the most time consuming and costly stages.
./data/pdf/62_2021_Handwritten Kazakh and Russian HKR database.pdf,80,"Our main task is to simplify and automate as much as possible. The sources of all the forms in the datasets were generated by LaTeX, then converted to PDF and printed to be filled by writers."
./data/pdf/62_2021_Handwritten Kazakh and Russian HKR database.pdf,81,"So, it was an easy task to generate the correct labels for the printed text on the forms."
./data/pdf/62_2021_Handwritten Kazakh and Russian HKR database.pdf,82,"Each writer filled approximately between 5-10 forms from keyword and poem forms, so each form in the dataset is written by approximately 50-100 writers."
./data/pdf/62_2021_Handwritten Kazakh and Russian HKR database.pdf,83,Each form has a unique id at the name of the form. The word or letter is placed in the rectangle.
./data/pdf/62_2021_Handwritten Kazakh and Russian HKR database.pdf,84,The filled forms and letters were scanned with a Canon MF4400 Series UFRII scanner at a resolution of 300 dpi and a color depth of 24 bits.
./data/pdf/62_2021_Handwritten Kazakh and Russian HKR database.pdf,85,"We collected three different Datasets described as the following:  Handwritten samples (Forms) of keywords in Kazakh and Russian (Areas, Cities, Village, etc.) are shown in Fig. 2."
./data/pdf/62_2021_Handwritten Kazakh and Russian HKR database.pdf,86,Handwritten Kazakh and Russian alphabet in Cyrillic are shown in Fig. 2. Handwritten samples (Forms) of poems in Russian are shown in Fig. 1.
./data/pdf/62_2021_Handwritten Kazakh and Russian HKR database.pdf,87,"3.1.1 Keyword database To begin with, we consider correspondence addresses relevant for the Republic of Kazakhstan, as the list of keywords containing the following names:  Areas  Cities  Village  Settlements  Streets  Poems  Russian Letter Additional information, such as:  Indices  Phones  Surnames  Company Names were not included in the database."
./data/pdf/62_2021_Handwritten Kazakh and Russian HKR database.pdf,88,"3.1.2 Handwritten alphabet and forms There are two fundamental approaches to text recognition: character recognition (Optical Character Recognition, OCR) and word recognition (Optical Word Recognition, OWR)."
./data/pdf/62_2021_Handwritten Kazakh and Russian HKR database.pdf,89,"With OCR, a model dataset required to train the model should contain handwritten samples Content courtesy of Springer Nature, terms of use apply. Rights reserved."
./data/pdf/62_2021_Handwritten Kazakh and Russian HKR database.pdf,90,"Multimedia Tools and Applications 1 3 Fig. 2 Two forms for collecting handwritten samples of the Cyrillic alphabet and Keywords Content courtesy of Springer Nature, terms of use apply."
./data/pdf/62_2021_Handwritten Kazakh and Russian HKR database.pdf,91,Rights reserved.Multimedia Tools and Applications 1 3 of all the characters in a language alphabet.
./data/pdf/62_2021_Handwritten Kazakh and Russian HKR database.pdf,92,It is important for each language to compose separate forms since the set of letters of different alphabets can vary greatly.
./data/pdf/62_2021_Handwritten Kazakh and Russian HKR database.pdf,93,"On the other hand, with OWR, a model dataset required to train the model should contain handwritten samples of all the Words for the language."
./data/pdf/62_2021_Handwritten Kazakh and Russian HKR database.pdf,94,"Further, for subsequent training and testing of the model, handwritten samples of target words are needed. An example of one of the forms for collecting word samples and letters (Fig. 2)."
./data/pdf/62_2021_Handwritten Kazakh and Russian HKR database.pdf,95,3.1.3 Data collection methods A person who has agreed to provide a sample of his handwriting will fill the forms and give the form to us and we scan and save it in our database.
./data/pdf/62_2021_Handwritten Kazakh and Russian HKR database.pdf,96,"4 Automated labeling and words segmentation 4.1 Automated labeling Labeled data are data that have been marked with labels identifying certain features, char acteristics, or a kind of object."
./data/pdf/62_2021_Handwritten Kazakh and Russian HKR database.pdf,97,"The labeling of data is a prerequisite for recognition experiments. Labeling data is expensive, time consuming, and error prone."
./data/pdf/62_2021_Handwritten Kazakh and Russian HKR database.pdf,98,"Like in IAM Dataset [39], we decided to do as much automation as possible automatically."
./data/pdf/62_2021_Handwritten Kazakh and Russian HKR database.pdf,99,The sources of all the forms printed (and subsequently filled by writers) were saved on a text file with a unique id for the form and the cell number in the form.
./data/pdf/62_2021_Handwritten Kazakh and Russian HKR database.pdf,100,So it was an easy task to generate the correct labels for the printed text on the forms.
./data/pdf/62_2021_Handwritten Kazakh and Russian HKR database.pdf,101,"In this regard, we have developed a recommendation system that allows us to simplify the process of labeling data in forms."
./data/pdf/62_2021_Handwritten Kazakh and Russian HKR database.pdf,102,"4.2 Segmentation The form is designed so that it is possible to easily identify and segment by cells. To identify the form, there is a marker in the upper-right corner of each form."
./data/pdf/62_2021_Handwritten Kazakh and Russian HKR database.pdf,103,"To simplify the process of segmentation, the entire form is divided by horizontal and vertical lines, which makes it quite easy to restore the structure of the document, and accordingly, the spatial position of the word."
./data/pdf/62_2021_Handwritten Kazakh and Russian HKR database.pdf,104,Words are indexed (annotated) according to their position in the table.
./data/pdf/62_2021_Handwritten Kazakh and Russian HKR database.pdf,105,"In order to cut out cells from the form, the following actions (pre-processing) are performed:  filtering forms to enhance table boundaries  defining of the contours of the table  Determination and compensation of the angle of rotation  exclusion of lines Fig."
./data/pdf/62_2021_Handwritten Kazakh and Russian HKR database.pdf,106,3 Example of a region cut out of a form with a word.
./data/pdf/62_2021_Handwritten Kazakh and Russian HKR database.pdf,107,"A pronounced cell line and a piece of letter from a neighboring area are visible along the edges Content courtesy of Springer Nature, terms of use apply. Rights reserved."
./data/pdf/62_2021_Handwritten Kazakh and Russian HKR database.pdf,108,"Multimedia Tools and Applications 1 3  Sorting forms by id (marker)  Streaming the division of forms into words  name and storage of words After the image areas corresponding to the word cells are segmented, segmented image areas corresponding to the word cells may contain some edge artifacts."
./data/pdf/62_2021_Handwritten Kazakh and Russian HKR database.pdf,109,"For example, line artifacts cut out with a cell or parts of a word from a neighboring cell can be attributed to artifacts (Fig. 3)."
./data/pdf/62_2021_Handwritten Kazakh and Russian HKR database.pdf,110,We eliminate these artifacts by constructing vertical and horizontal histograms (Figs. 4 and 5) also by cutting off parts that are separately localized closer to the edges of the cell.
./data/pdf/62_2021_Handwritten Kazakh and Russian HKR database.pdf,111,"However, it is not always possible to eliminate all artifacts. The following are some aspects that make further processing of a segmented word difficult:  Letters may not be interconnected."
./data/pdf/62_2021_Handwritten Kazakh and Russian HKR database.pdf,112,"Letters can be perfected with artifacts. The position of the letters and their size vary significantly from word to word. Letters can be written in different colors (blue, black, red)."
./data/pdf/62_2021_Handwritten Kazakh and Russian HKR database.pdf,113,"In this regard, we have developed a recommendation system that allows us to simplify the process of selecting areas with words from the form. We suggest filling out the form using the blue pen."
./data/pdf/62_2021_Handwritten Kazakh and Russian HKR database.pdf,114,This will allow the system to distinguish the word from the table borders at the color level.
./data/pdf/62_2021_Handwritten Kazakh and Russian HKR database.pdf,115,"For example, by converting an image from RGB to HSV, we get a color representation of objects that is invariant with respect to lighting."
./data/pdf/62_2021_Handwritten Kazakh and Russian HKR database.pdf,116,"In this color space, blue remains blue, regardless of the brightness and intensity of the image."
./data/pdf/62_2021_Handwritten Kazakh and Russian HKR database.pdf,117,"sometimes eliminating parts of words from neighboring cells is impossible without distorting the target content of a given cell; therefore, when filling out the form, it is desir able that the subject does not go beyond the boundaries of the cell."
./data/pdf/62_2021_Handwritten Kazakh and Russian HKR database.pdf,118,"find the region of interest (ROI) in forms, the ROI in our forms is two columns that are filled by writers."
./data/pdf/62_2021_Handwritten Kazakh and Russian HKR database.pdf,119,We segmented the cells depending on the horizontal white space between the cell by using the histogram (Fig. 4 ).Fig. 4 Horizontal histogram Fig.
./data/pdf/62_2021_Handwritten Kazakh and Russian HKR database.pdf,120,"5 Vertical histogram Content courtesy of Springer Nature, terms of use apply. Rights reserved.Multimedia Tools and Applications 1 3  then we exclusion of lines that cross the words."
./data/pdf/62_2021_Handwritten Kazakh and Russian HKR database.pdf,121,"Finally, we cropped and segmented the cells depending on the vertical white-space by using the histogram (Fig. 5 ). The final image shown in Fig. 6."
./data/pdf/62_2021_Handwritten Kazakh and Russian HKR database.pdf,122,"5 Further characteristics of the database The database consists of more than 1500 filled forms written by 200 writers. There are approximately 63000 sentences, more than 715699 symbols shown in Fig."
./data/pdf/62_2021_Handwritten Kazakh and Russian HKR database.pdf,123,7. And also There are approximately 106718 words. Total images in the dataset after pre-processing and segmentation the forms are 64943 images.
./data/pdf/62_2021_Handwritten Kazakh and Russian HKR database.pdf,124,"6 Experiment result A quantitative comparison of well-known recurrent neural networks (RNN), such as SimpleHTR [48], LineHTR [36], NomeroffNet [42], Bluche [9 ], Puigcerver [45] and AttentionGated-CNN-BGRU [2 ] models, has been implemented to choose the best performing model on the dataset given."
./data/pdf/62_2021_Handwritten Kazakh and Russian HKR database.pdf,125,"At the first, the final dataset was split into three datasets as follows: Fig. 6 Examples of segmented words Fig."
./data/pdf/62_2021_Handwritten Kazakh and Russian HKR database.pdf,126,"7 Histogram of Characters in the dataset Content courtesy of Springer Nature, terms of use apply. Rights reserved."
./data/pdf/62_2021_Handwritten Kazakh and Russian HKR database.pdf,127,"Multimedia Tools and Applications 1 3 Training (70%), Validation (15%), and Testing (15%)."
./data/pdf/62_2021_Handwritten Kazakh and Russian HKR database.pdf,128,The test dataset was equally split into two sub-datasets (7.5% each): the first dataset was named TEST1 and consisted of words that did not exist in Training and Validation datasets; the second was named TEST2 and was made up of words that exist in Training dataset but with totally different handwriting styles.
./data/pdf/62_2021_Handwritten Kazakh and Russian HKR database.pdf,129,"The primary purpose of splitting the Test dataset into TEST1 and TEST2 was to check the differences between accuracies of recognizing totally unseen words and the other words, which were seen in the training phase but with unseen handwriting styles."
./data/pdf/62_2021_Handwritten Kazakh and Russian HKR database.pdf,130,"After training, validation, and testing datasets were prepared, the models were trained, and a series of comparative evaluation experiments were conducted."
./data/pdf/62_2021_Handwritten Kazakh and Russian HKR database.pdf,131,"As experiment results proved, the Attention-Gated-CNN-BGRU model demonstrated the best performance with 8.34% char acter error rate (CER) Levenshtein, 38.54% word error rate (WER) and 12.12% CER our algorithm for the first test dataset and 8.36% CER Levenshtein, 56.36% WER and 16.5% CER our algorithm for the second test dataset."
./data/pdf/62_2021_Handwritten Kazakh and Russian HKR database.pdf,132,"6.1 Evaluation methods In this article, we evaluated models using two methods: in the first method the standard performance measures are used for all results presented: the character error rate (CER) and word error rate (WER) [20]."
./data/pdf/62_2021_Handwritten Kazakh and Russian HKR database.pdf,133,"The CER is determined as the Levenshtein distance, which is the sum of the character substitution (S), insertion (I), and deletions (D) required to turn one string into another, divided by the total number of characters in the ground truth word (N)."
./data/pdf/62_2021_Handwritten Kazakh and Russian HKR database.pdf,134,"Similarly, the WER is calculated as the sum of the number of the term substitutions ( Sw ), insertion ( Iw ), and deletions ( Dw ), which is necessary for the transformation of one string into another, and divided by the total number of ground-truth terms ( Nw)."
./data/pdf/62_2021_Handwritten Kazakh and Russian HKR database.pdf,135,The second method is character error rate (CER) [10] which was developed by the authors to evaluate our results.
./data/pdf/62_2021_Handwritten Kazakh and Russian HKR database.pdf,136,"CER by our algorithm for counting each characters errors goes in a loop through all the results, then counts the frequency of characters and the number of cor rectly recognized characters."
./data/pdf/62_2021_Handwritten Kazakh and Russian HKR database.pdf,137,"The error for each character is calculated by where c is a character, predc is the number of correct predictions of c and freqc is the number of character c."
./data/pdf/62_2021_Handwritten Kazakh and Russian HKR database.pdf,138,"Then we calculate the average of CER using the following formula, where errors for each letter are multiplied by the fraction of a character in the whole test dataset and summed."
./data/pdf/62_2021_Handwritten Kazakh and Russian HKR database.pdf,139,"where c is a character, CERc character error rate of c, freqc is the number of character c, total is the total number of all characters."
./data/pdf/62_2021_Handwritten Kazakh and Russian HKR database.pdf,140,"In the rest of the paper, we will mention CER for our algorithm and CER for Levenshtein.(1) CER=S+I+D N (2) WER=Sw+Iw+Dw Nw (3) CERc=(1predc freqc)100 (4) CERavg=CERcfreqc total Content courtesy of Springer Nature, terms of use apply."
./data/pdf/62_2021_Handwritten Kazakh and Russian HKR database.pdf,141,Rights reserved.Multimedia Tools and Applications 1 3 6.2 Training All models have been trained using Tensorflow [1] deep learning library in Python.
./data/pdf/62_2021_Handwritten Kazakh and Russian HKR database.pdf,142,Tensorflow allows for transparent use of highly optimized mathematical operations on GPUs through Python.
./data/pdf/62_2021_Handwritten Kazakh and Russian HKR database.pdf,143,A computational graph is defined in the Python script to define all operations that are necessary for the specific computations.
./data/pdf/62_2021_Handwritten Kazakh and Russian HKR database.pdf,144,"The experiments were run on a machine with 2x Intel(R) Xeon(R) E-5-2680 CPUs, 4x NVIDIA Tesla k20x and 100 GB RAM."
./data/pdf/62_2021_Handwritten Kazakh and Russian HKR database.pdf,145,"The use of a GPU reduced the training time of the models by approximately a factor of 3, however, this speed-up was not closely monitored throughout the project, hence it could have varied."
./data/pdf/62_2021_Handwritten Kazakh and Russian HKR database.pdf,146,"The plots for the report were generated using the matplotlib library for Python, and the illustrations have been created using Inkscape, which is a vector graphics software similar to Adobe Photoshop."
./data/pdf/62_2021_Handwritten Kazakh and Russian HKR database.pdf,147,All models are trained to minimize validation loss value.
./data/pdf/62_2021_Handwritten Kazakh and Russian HKR database.pdf,148,"The optimization with stochastic gradient descent is performed, using the RMSProp method [29] with a base learning rate of 0.001 and mini-batches of 32."
./data/pdf/62_2021_Handwritten Kazakh and Russian HKR database.pdf,149,"Also, early stopping with patience 20 is applied, we wanted to monitor the validation loss at each epoch, and when the validation loss does not improve after 20 epochs, training is interrupted."
./data/pdf/62_2021_Handwritten Kazakh and Russian HKR database.pdf,150,"6.3 SimpleHTR model Originally inspired by artificial neural network architectures by [50] and [56], Harald Scheidl proposed a new approach to handwritten recognition task [48] in 2018."
./data/pdf/62_2021_Handwritten Kazakh and Russian HKR database.pdf,151,"The models architecture consists of 5 convolutional neural network (CNN) layers, 2 long short term memory (LSTM) layers, connectionist temporal classification (CTC) loss and decoder lay ers shown in Fig."
./data/pdf/62_2021_Handwritten Kazakh and Russian HKR database.pdf,152,"8. Below is a SimpleHTR algorithm pipeline in short [49]:  Input is a gray-scale image of fixed size 128 x 32 (W x H)  CNN layers map this gray-scale image to a feature sequence of size 32 x 256  LSTM layers with 256 units map this feature sequence to a matrix of size 32 x 80: here 32 represents the number of time-steps (horizontal positions) in an image with a word; 80 represents probabilities of different characters at a certain time-step in that image)  CTC layer may work in 2 modes: loss mode to learn to predict the right character at a time-step when training; decoder mode to get the recognized word when testing  batch size is equal to 50 SimpleHTR model ideally requires handwritten texts to be split into words; otherwise, recognition of a full text line would result in low accuracy since 32 time-steps are insufficient to handle a large number of characters in that text line."
./data/pdf/62_2021_Handwritten Kazakh and Russian HKR database.pdf,153,"6.4 LineHTR model LineHTR model [36] is just an extension of the previous SimpleHTR model, which was developed to enable the model to process images with a full text line (not a single word only), thus, to increase the models accuracy further."
./data/pdf/62_2021_Handwritten Kazakh and Russian HKR database.pdf,154,"Architecture of LineHTR model is quite similar to that of SimpleHTR model, with some differences in the Content courtesy of Springer Nature, terms of use apply. Rights reserved."
./data/pdf/62_2021_Handwritten Kazakh and Russian HKR database.pdf,155,Multimedia Tools and Applications 1 3 number of CNN and LSTM layers and size of those layers input: it has 7 CNN and 2 Bidirectional LSTM (BLSTM) layers.
./data/pdf/62_2021_Handwritten Kazakh and Russian HKR database.pdf,156,"Below is a LineHTR algorithm pipeline in short [36]:  Input is a gray-scale image of fixed size 800 x 64 (W x H)  CNN layers map this gray-scale image to a feature sequence of size 100 x 512  BLSTM layers with 512 units map this feature sequence to a matrix of size 100 x 205: here 100 represents the number of time-steps (horizontal positions) in an image with a text line; 205 represents probabilities of different characters at a cer tain time-step in that image)  CTC layer may work in 2 modes: loss mode to learn to predict the right character at a time-step when training; decode mode to get the final recognized text line when testing 6.5 Nomeroff net OCR model According to the authors of Nomeroff Net automatic number-plate recognition system [42], the OCR architecture solution is shown in Fig."
./data/pdf/62_2021_Handwritten Kazakh and Russian HKR database.pdf,157,"9. As can be seen from the Fig. 9, the Nomeroff Net OCR algorithm pipeline is as follows:Fig."
./data/pdf/62_2021_Handwritten Kazakh and Russian HKR database.pdf,158,"8 SimpleHTR architecture contain 5 CNN layers as an encoder with 2 LSTM layers to decode the feature and pass it to the CTC loss function Content courtesy of Springer Nature, terms of use apply."
./data/pdf/62_2021_Handwritten Kazakh and Russian HKR database.pdf,159,"Rights reserved.Multimedia Tools and Applications 1 3  Input is a gray-scale image of fixed size 64 x 128 (W x H)  This gray-scale image is then introduced into 2 subsequent CNN layers, which in turn output feature maps of (16 x 32) x 16 size  Then these feature maps are reshaped into a single map of 256 x 32 size  then this map is introduced into a fully connected (FC) layer  the output from FC layer is directed to 2 parallel recurrent neural network (RNN) layers of gated recurrent unit (GRU)  outputs from 2 GRU layers are combined into one by Element-wise addition operation to form a map of 512 x 32 size  then this map is directed to 2 parallel GRU RNN layers again  outputs from the last 2 GRU layers are concatenated to form a map of 1024 x 32 size  then this map is introduced into subsequent FC and Softmax layers, before being directed to CTC decoder to obtain the final recognized text Although Nomeroff Net OCR architecture was designed to recognize machine typed car numbers, it is also worth to check the models performance on handwritten text recognition tasks."
./data/pdf/62_2021_Handwritten Kazakh and Russian HKR database.pdf,160,That is why this model is also included in the list of RNN architectures evaluated in this research work.
./data/pdf/62_2021_Handwritten Kazakh and Russian HKR database.pdf,161,6.6 Bluche model Bluche model [9] proposes a new neural network structure for modern handwriting text recognition (HTR) as an opportunity for RNNs in multidimensional LSTM.
./data/pdf/62_2021_Handwritten Kazakh and Russian HKR database.pdf,162,The model is totally based on a deep convolutional input image encoder and a bi-directional LSTM decoder predicting sequences of characters.
./data/pdf/62_2021_Handwritten Kazakh and Russian HKR database.pdf,163,"Its goal is to generate standard, multi-lingual and reusable tasks in this paradigm using the convolutional encoder to leverage more records for transfer learning."
./data/pdf/62_2021_Handwritten Kazakh and Russian HKR database.pdf,164,"The encoder in the Bluche model contains 3x3 convolutional layer with 8 features, 2x4 convolutional layer with 16 features, a 3x3 gated convolutional layer, 3x3 convolutional layer with 32 features, 3x3 gated convolutional layer, 2x4 convolutional layer with 64 features and 3x3 convolutional layer with 128 features."
./data/pdf/62_2021_Handwritten Kazakh and Russian HKR database.pdf,165,The decoder contains 2 bidirectional LSTM layers of 128 units and 128 dense layers between the LSTM layers. Figure 10 shows the Bluche architecture. Fig.
./data/pdf/62_2021_Handwritten Kazakh and Russian HKR database.pdf,166,"9 Nomeroffs number plate recognition model architecture Content courtesy of Springer Nature, terms of use apply. Rights reserved."
./data/pdf/62_2021_Handwritten Kazakh and Russian HKR database.pdf,167,Multimedia Tools and Applications 1 3 6.7 Puigcerver model Modern approaches of Puigcerver model [45] to offline HTR dramatically depend on 1-LSTM and 2-LSTM networks.
./data/pdf/62_2021_Handwritten Kazakh and Russian HKR database.pdf,168,Puigcerver model has a high level of recognition rate and a large number of parameters (around 9.6 million).
./data/pdf/62_2021_Handwritten Kazakh and Russian HKR database.pdf,169,"This implies that LSTM dependencies, theoretically modeled by recurrent layers, might not be sufficient, at least in the lower lay ers of the system, to achieve high recognition accuracy."
./data/pdf/62_2021_Handwritten Kazakh and Russian HKR database.pdf,170,Figure 11 shows the Puigcerver architecture. The Puigcerver model has three important parts :  Convolutional blocks: they include 2-D convolutional layer with 3x3 kernal size and 1 horizontal and vertical stride.
./data/pdf/62_2021_Handwritten Kazakh and Russian HKR database.pdf,171,number of filters is equal to 16n at the n-th layer of Conv.
./data/pdf/62_2021_Handwritten Kazakh and Russian HKR database.pdf,172,"Recurrent blocks: Bidirectional 1D-LSTM layers form recurrent blocks, that transfer the input image column-wise from left to right and from right to left."
./data/pdf/62_2021_Handwritten Kazakh and Russian HKR database.pdf,173,The output of the two directions is concatenated depth-wise. Linear layer: the output of recurrent 1D-LSTM blocks are fed to linear layer to predict the output label.
./data/pdf/62_2021_Handwritten Kazakh and Russian HKR database.pdf,174,Dropout is implemented before the Linear layer to prevent overfitting (also with probability 0.5). Fig.
./data/pdf/62_2021_Handwritten Kazakh and Russian HKR database.pdf,175,"10 Bluche HTR model contain 8 CNN and 2 BLSTM layers Content courtesy of Springer Nature, terms of use apply."
./data/pdf/62_2021_Handwritten Kazakh and Russian HKR database.pdf,176,"Rights reserved.Multimedia Tools and Applications 1 3 6.8 AttentionGatedCNNBGRU model Attention-based Fully Gated CNN-BGRU [2], aiming at improving HTR model accuracy in handwritten Cyrillic text recognition task."
./data/pdf/62_2021_Handwritten Kazakh and Russian HKR database.pdf,177,"The architecture is shown in Fig. 12. This models architecture consists of 4 main parts: encoder, attention, decoder, and CTC."
./data/pdf/62_2021_Handwritten Kazakh and Russian HKR database.pdf,178,"An encoder part consists of 5 convolutional blocks, each of which is made up of a convolutional layer, Parametric Rectified Linear Unit (PReLU) activator [28] with Batch Normalization, and gated convolutional layer [9]."
./data/pdf/62_2021_Handwritten Kazakh and Russian HKR database.pdf,179,The Dropout technique is also applied at the input of some convolutional layers (with a dropout probability of 0.5) to reduce the Fig.
./data/pdf/62_2021_Handwritten Kazakh and Russian HKR database.pdf,180,"11 Puigcerver HTR model contain 5 CNN and 5 BLSTM layers Content courtesy of Springer Nature, terms of use apply. Rights reserved. Multimedia Tools and Applications 1 3 overfitting issue [53]."
./data/pdf/62_2021_Handwritten Kazakh and Russian HKR database.pdf,181,"As an attention part of this models architecture, Bahdanau attention mechanism is used [6]."
./data/pdf/62_2021_Handwritten Kazakh and Russian HKR database.pdf,182,"Generally, attention mechanisms encode an input sentence by segmenting it into a fixed number of parts so they can be processed later by a decoder."
./data/pdf/62_2021_Handwritten Kazakh and Russian HKR database.pdf,183,"Bahdanau attention mechanism enabled attention mechanism to focus on relevant parts of an input sentence, rather than hard segmenting it."
./data/pdf/62_2021_Handwritten Kazakh and Russian HKR database.pdf,184,The key role of Bahdanau attention mechanism applied between an encoder and decoder is to provide a richer encoding of the input sequence. 6.9 Results All the models were trained on the HKR dataset.
./data/pdf/62_2021_Handwritten Kazakh and Russian HKR database.pdf,185,"We evaluated these models by the standard performance measures used for all results presented: CER, CER*, and WER."
./data/pdf/62_2021_Handwritten Kazakh and Russian HKR database.pdf,186,"For all models, the minibatch of 32 size and Early Stopping after 20 epochs without improvement in validation loss value and lr=0.001 were set. For the best use of each model, within the Fig."
./data/pdf/62_2021_Handwritten Kazakh and Russian HKR database.pdf,187,"12 Attention-Gated-CNNBGRU architecture for handwriting recognition. The system contains four main parts: (A) encoder, (B) attention block, (C) decoder, (D) CTC Fig."
./data/pdf/62_2021_Handwritten Kazakh and Russian HKR database.pdf,188,"13 SimpleHTR model per formance on TEST1 and TEST2 datasets Content courtesy of Springer Nature, terms of use apply."
./data/pdf/62_2021_Handwritten Kazakh and Russian HKR database.pdf,189,"Rights reserved.Multimedia Tools and Applications 1 3 20 tolerance epochs, ReduceLRonPlateau schedule [55] with a decay factor of 0.2 after 10 epochs without improvement in validation loss value was also used."
./data/pdf/62_2021_Handwritten Kazakh and Russian HKR database.pdf,190,"All of the following figures present the character error rate, which shows how the model detects each character."
./data/pdf/62_2021_Handwritten Kazakh and Russian HKR database.pdf,191,"The first experiment was conducted with SimpleHTR model which showed a per formance with average of 58.97% WER, 33.26 CER*, and 19.98% CER on TEST1 and 11.09% WER, 2.45 CER*, and 1.55% CER on TEST2 datasets (Fig."
./data/pdf/62_2021_Handwritten Kazakh and Russian HKR database.pdf,192,13). This big differ ence in CER rates shows that SimpleHTR model overfitted to words seen in the training stage and demonstrated a lower level of generalization.
./data/pdf/62_2021_Handwritten Kazakh and Russian HKR database.pdf,193,The next experiment was carried out with LineHTR model which was trained on data for 100 epochs.
./data/pdf/62_2021_Handwritten Kazakh and Russian HKR database.pdf,194,"This model demonstrated a performance with average 85.66% WER, 47.46 CER*, and 33.63% CER on TEST1 and 21.99% WER, 5.41 CER*, and 3.51% CER on TEST2 datasets (Fig. 14)."
./data/pdf/62_2021_Handwritten Kazakh and Russian HKR database.pdf,195,A similar tendency of overfitting to training data can be observed here as well.Fig. 14 LineHTR model perfor mance on TEST1 and TEST2 datasets Fig.
./data/pdf/62_2021_Handwritten Kazakh and Russian HKR database.pdf,196,"15 NomeroffNet HTR model performance on TEST1 and TEST2 datasets Content courtesy of Springer Nature, terms of use apply. Rights reserved."
./data/pdf/62_2021_Handwritten Kazakh and Russian HKR database.pdf,197,Multimedia Tools and Applications 1 3 The same experiments were conducted with Nomeroff Net HTR model.
./data/pdf/62_2021_Handwritten Kazakh and Russian HKR database.pdf,198,"Unlike previous models examined, this model showed a lower average of 80.28% WER, 52.37 CER*, and 34.84% CER on TEST1 and 50.19% WER, 16.23 CER*, and 10.19% CER on TEST2 datasets (Fig. 15)."
./data/pdf/62_2021_Handwritten Kazakh and Russian HKR database.pdf,199,"As can be observed from the figure, NomeroffNet model also suffers from overfitting."
./data/pdf/62_2021_Handwritten Kazakh and Russian HKR database.pdf,200,"The experiments on HTR were also conducted with Puigcerver and Bluche models and the following results for recognition errors were obtained for the test datasets: 1) The Bluche model achieved 76.43% WER, 31.91 CER*, and 22.31% CER in the TEST1 dataset and of 69.13% WER, 21.84 CER*, and 12.94% CER in the TEST2 dataset (Fig."
./data/pdf/62_2021_Handwritten Kazakh and Russian HKR database.pdf,201,"16); 2)The Puigcerver HTR model showed 100.00% WER, 82.00 CER*, and 69.15% CER in the TEST1dataset and of 98.95% WER, 66.34 CER*, and 49.87% CER in the TEST2 dataset (Fig. 17)."
./data/pdf/62_2021_Handwritten Kazakh and Russian HKR database.pdf,202,We can observe that the Puigcerver has a higher error rate compared with the other models because the Puigcerver model has many parameters ( 9.6M) and underfitting on the dataset.Fig.
./data/pdf/62_2021_Handwritten Kazakh and Russian HKR database.pdf,203,"16 Bluche HTR model per formance on TEST1 and TEST2 dataset Fig. 17 Puigcerver HTR model performance on TEST1 and TEST2 dataset Content courtesy of Springer Nature, terms of use apply."
./data/pdf/62_2021_Handwritten Kazakh and Russian HKR database.pdf,204,Rights reserved.Multimedia Tools and Applications 1 3 Training of Attention-Gated-CNN-BGRU model took 240 epochs.
./data/pdf/62_2021_Handwritten Kazakh and Russian HKR database.pdf,205,The CER rates on TEST1 and TEST2 datasets were reported as 8.34% and 8.36% respectively (Fig. 18).
./data/pdf/62_2021_Handwritten Kazakh and Russian HKR database.pdf,206,"As can be seen from the figure, Attention-based Fully Gated CNN-BGRU model resulted in lower CER and generalization rates overall. Table 1 shows the result of comparison between all models."
./data/pdf/62_2021_Handwritten Kazakh and Russian HKR database.pdf,207,"7 Conclusion and future work In this research work, firstly, we have built the handwritten Kazakh, Russian database. The database can serve as a basis for research in handwriting recognition."
./data/pdf/62_2021_Handwritten Kazakh and Russian HKR database.pdf,208,"This contains Russian Words (Areas, Cities, Village, Settlements, Areas, Streets) by a hundred different writers. It also incorporates the most popular words in the Republic of Kazakhstan."
./data/pdf/62_2021_Handwritten Kazakh and Russian HKR database.pdf,209,"A few preprocessing and segmentation procedures have been developed together with the database. Finally, it contains free handwriting forms in any area of the writers interest."
./data/pdf/62_2021_Handwritten Kazakh and Russian HKR database.pdf,210,"This database is meant to provide a training and testing set for Kazakh, Russian Words recognition Fig."
./data/pdf/62_2021_Handwritten Kazakh and Russian HKR database.pdf,211,"18 Attention-based Fully Gated CNN-BGRU model per formance on TEST1 and TEST2 datasets Table 1 CER, CER*, and WER for Bluche, Puigcerver, NomeroffNet, LineHTR, SimpleHTR, and AttentionGated-CNN-BGRU Model TEST1 TEST2 WER CER* CER WER CER* CER Puigcerver 100.00% 82.00% 69.15% 98.95% 66.34% 49.87% Bluche 76.43% 31.91% 22.31% 69.13% 21.84% 12.94% NomeroffNet 80.28% 52.37% 34.84% 50.19% 16.23% 10.19% LineHTR, 85.66% 47.46% 33.63% 21.99% 5.41% 3.51% SimpleHTR 58.97% 33.26% 19.98% 11.09% 2.45% 1.55% Attention-GatedCNN-BGRU 38.54% 12.12% 8.34% 56.36% 16.5% 8.36% Content courtesy of Springer Nature, terms of use apply."
./data/pdf/62_2021_Handwritten Kazakh and Russian HKR database.pdf,212,"Rights reserved. Multimedia Tools and Applications 1 3 research. In the future, further work on gathering Handwriting samples of keywords and envelope shots will continue."
./data/pdf/62_2021_Handwritten Kazakh and Russian HKR database.pdf,213,"At the same time, envelopes are annotated and various metrics are checked to evaluate the recognition error."
./data/pdf/62_2021_Handwritten Kazakh and Russian HKR database.pdf,214,"In order for the artifacts to not interfere, we need to collect as much tagged data as possible."
./data/pdf/62_2021_Handwritten Kazakh and Russian HKR database.pdf,215,"Secondly, this research work tried to solve a handwritten Cyrillic postal-address interpretation task using well-known RNN models, such as SimpleHTR, LineHTR, NomeroffNet, Bluche, Puigcerver, and Attention-Gated-CNN-BGRU HTR models."
./data/pdf/62_2021_Handwritten Kazakh and Russian HKR database.pdf,216,These RNN models were first quantitatively evaluated against each other to select the best per forming one.
./data/pdf/62_2021_Handwritten Kazakh and Russian HKR database.pdf,217,"According to experiments, the Attention-Gated-CNN-BGRU HTR model demonstrated the highest recognition rate overall."
./data/pdf/62_2021_Handwritten Kazakh and Russian HKR database.pdf,218,One of this research works goals was to investigate and quantitatively compare the state-of-the-art RNN models to choose the best performing one in a handwritten Cyrillic postal-address recognition task.
./data/pdf/62_2021_Handwritten Kazakh and Russian HKR database.pdf,219,This goal also incorporates all efforts put into improving the best performing RNN model.
./data/pdf/62_2021_Handwritten Kazakh and Russian HKR database.pdf,220,"According to experiment results, the Attention-GatedCNN-BGRU HTR model demonstrated comparatively better results in terms of generalization and overall accuracy (see Table 1)."
./data/pdf/62_2021_Handwritten Kazakh and Russian HKR database.pdf,221,"This model was then extended to the modified version, called Attention-based Fully Gated CNN-BGRU model. As figures 13-18 show, generally average CERs of all models tend to be high."
./data/pdf/62_2021_Handwritten Kazakh and Russian HKR database.pdf,222,It seems the reason for that is large differences between frequencies of Cyrillic characters.
./data/pdf/62_2021_Handwritten Kazakh and Russian HKR database.pdf,223,"In other words, since the dataset includes a small number of Kazakh language handwritings, the language characters have lower frequencies (distribution in the dataset) compared to other Cyrillic letters."
./data/pdf/62_2021_Handwritten Kazakh and Russian HKR database.pdf,224,"Consequently, above mentioned models struggle to recognize these char acters resulting in very low recognition rates. Hence, this affects the overall average CER."
./data/pdf/62_2021_Handwritten Kazakh and Russian HKR database.pdf,225,"The dataset also includes non-alphabetic characters (such as .,! and so on) with small distributions."
./data/pdf/62_2021_Handwritten Kazakh and Russian HKR database.pdf,226,"SimpleHTR, LineHTR, and NomeroffNet models seemed to prone to overfitting while being trained in Cyrillic handwritings."
./data/pdf/62_2021_Handwritten Kazakh and Russian HKR database.pdf,227,"It seems that enriching the dataset with a variety of Kazakh and Russian words, and making it balanced will solve this issue."
./data/pdf/62_2021_Handwritten Kazakh and Russian HKR database.pdf,228,"Generally, all models examined in this research proved that there is need for more data, especially containing Kazakh language words."
./data/pdf/62_2021_Handwritten Kazakh and Russian HKR database.pdf,229,"As future work, a Telegram bot was created to collect a new dataset with predominantly Kazakh language words."
./data/pdf/62_2021_Handwritten Kazakh and Russian HKR database.pdf,230,"Currently, the handwriting recognition model developed by this research is not ready to use at a production level, like in a postal company."
./data/pdf/62_2021_Handwritten Kazakh and Russian HKR database.pdf,231,The development of a web application that enables easy-touse interface for users is still being developed.
./data/pdf/62_2021_Handwritten Kazakh and Russian HKR database.pdf,232,Acknowledgements We would like to thank the following people for helping with this research project: Maksat Kanatov and Kuanysh Slyamkhan.
./data/pdf/62_2021_Handwritten Kazakh and Russian HKR database.pdf,233,This work was funded by the Ministry of Education and Science of the Republic of Kazakhstan (Grant No AP05135175) References 1.
./data/pdf/62_2021_Handwritten Kazakh and Russian HKR database.pdf,234,"Abadi M, Agarwal A, Barham P, Brevdo E et al (2016) Tensorflow: Large-scale machine learning on heterogeneous distributed systems. CoRR. http:// arxiv. org/ abs/ 1603. 04467 2."
./data/pdf/62_2021_Handwritten Kazakh and Russian HKR database.pdf,235,"Abdallah A, Hamada M, Nurseitov D (2020) Attention-based fully gated CNN-BGRU for Russian handwritten text. J Imaging 6(12), 141. http:// dx. doi. org/ 10. 3390/ jimag ing61 20141 3."
./data/pdf/62_2021_Handwritten Kazakh and Russian HKR database.pdf,236,Al-maadeed S (2012) Text-dependent writer identification for Arabic handwriting. J Electr Comput Eng. https:// doi. org/ 10. 1155/ 2012/ 794106 4.
./data/pdf/62_2021_Handwritten Kazakh and Russian HKR database.pdf,237,"Al-maadeed S, Elliman D, Higgins C (2002) A data base for Arabic handwritten text recognition research. In: Int Arab J Info Technol vol. 1, pp. 485489. IEEE. https:// doi. org/ 10. 1109/ IWFHR. 2002."
./data/pdf/62_2021_Handwritten Kazakh and Russian HKR database.pdf,238,"10309 57 Content courtesy of Springer Nature, terms of use apply. Rights reserved.Multimedia Tools and Applications 1 3 5."
./data/pdf/62_2021_Handwritten Kazakh and Russian HKR database.pdf,239,"Al-maadeed S, Higgins C, Elliman D (2004) Off-line recognition of handwritten Arabic words using multiple hidden Markov models."
./data/pdf/62_2021_Handwritten Kazakh and Russian HKR database.pdf,240,"In: The Twenty-third SGAI International Conference on Innovative Techniques and Applications of Artificial Intelligence vol. 17, pp. 7579. https:// doi. org/ 10. 1016/j. knosys. 2004. 03. 002 6."
./data/pdf/62_2021_Handwritten Kazakh and Russian HKR database.pdf,241,"Bahdanau D, Cho K, Bengio Y (2015) Neural machine translation by jointly learning to align and translate."
./data/pdf/62_2021_Handwritten Kazakh and Russian HKR database.pdf,242,"In: 3rd International Conference on Learning Representations, San Diego, CA, USA, May 7-9, 2015, Conference Track Proceedings. http:// arxiv. org/ abs/ 1409. 0473 7."
./data/pdf/62_2021_Handwritten Kazakh and Russian HKR database.pdf,243,"Bensefia A, Paquet T, Heutte L (2005) A writer identification and verification system. Pattern Recogn Lett 26(13):20802092. https:// doi. org/ 10. 1016/j. patrec. 2005. 03. 024 8."
./data/pdf/62_2021_Handwritten Kazakh and Russian HKR database.pdf,244,"Bhattacharya U, Shridhar M, Parui S, Sen P, Chaudhuri B (2012) Offline recognition of handwritten Bangla characters: An efficient two-stage approach. Pattern Anal Applic 15(4):445458. https:// doi."
./data/pdf/62_2021_Handwritten Kazakh and Russian HKR database.pdf,245,"org/ 10. 1007/ s100440120278-6 9. Bluche T, Messina R (2017) Gated convolutional recurrent neural networks for multilingual handwriting recognition."
./data/pdf/62_2021_Handwritten Kazakh and Russian HKR database.pdf,246,"In: 14th IAPR International Conference on Document Analysis and Recognition (ICDAR), vol. 1, pp. 646651. IEEE. 10.1109/ICDAR.2017.111 10."
./data/pdf/62_2021_Handwritten Kazakh and Russian HKR database.pdf,247,"Bostanbekov K, Tolegenov R (2020) Character error rate (cer) method. https:// github. com/ abdoe lsaye d2016/ CAR 11."
./data/pdf/62_2021_Handwritten Kazakh and Russian HKR database.pdf,248,"Bulacu M, Schomaker L (2007) Text-independent writer identification and verification using textural and allographic features. IEEE Trans Pattern Anal Mach Intell 29(4):701717. https:// doi. org/ 10."
./data/pdf/62_2021_Handwritten Kazakh and Russian HKR database.pdf,249,"1109/ TPAMI. 2007. 1009 12. Bunke H, Bengio S, Vinciarelli A (2004) Offline recognition of unconstrained handwritten texts using HMMs and statistical language models."
./data/pdf/62_2021_Handwritten Kazakh and Russian HKR database.pdf,250,"IEEE Trans Pattern Anal Mach Intell 26(6):709720. https:// doi. org/ 10. 1109/ TPAMI. 2004. 14 13. Daniels Z, Baird H (2013) Discriminating features for writer identification."
./data/pdf/62_2021_Handwritten Kazakh and Russian HKR database.pdf,251,"In: 12th International Conference on Document Analysis and Recognition, pp. 13851389. IEEE. https:// doi. org/ 10. 1109/ ICDAR. 2013. 280 14."
./data/pdf/62_2021_Handwritten Kazakh and Russian HKR database.pdf,252,"Das S, Banerjee S (2014) An algorithm for japanese character recognition. Int J Image Graph Signal Process 7(1):915. https:// doi. org/ 10. 5815/ ijigsp. 2015. 01. 02 15."
./data/pdf/62_2021_Handwritten Kazakh and Russian HKR database.pdf,253,"Diem M, Fiel S, Garz A, Keglevic M, Kleber F, Sablatnig R (2013) ICDAR 2013 competition on handwritten digit recognition (HDRC 2013)."
./data/pdf/62_2021_Handwritten Kazakh and Russian HKR database.pdf,254,In: 12th International Conference on Document Analysis and Recognition pp. 14221427. IEEE. https:// doi. org/ 10. 1109/ ICDAR. 2013. 287 16.
./data/pdf/62_2021_Handwritten Kazakh and Russian HKR database.pdf,255,"Dreuw P, Doetsch P, Plahl C, Ney H (2011) Hierarchical hybrid MLP/HMM or rather MLP features for a discriminatively trained Gaussian HMM: A comparison for offline handwriting recognition."
./data/pdf/62_2021_Handwritten Kazakh and Russian HKR database.pdf,256,In: 18th IEEE Int Conf Image Process pp. 35413544. IEEE. https:// doi. org/ 10. 1109/ ICIP. 2011. 61164 80 17.
./data/pdf/62_2021_Handwritten Kazakh and Russian HKR database.pdf,257,"Fiel S, Sablatnig R (2013) Writer identification and writer retrieval using the fisher vector on visual vocabularies. In: 12th International Conference on Document Analysis and Recognition pp. 545549."
./data/pdf/62_2021_Handwritten Kazakh and Russian HKR database.pdf,258,"IEEE. https:// doi. org/ 10. 1109/ ICDAR. 2013. 114 18. Fischer A, Keller A, Frinken V, Bunke H (2012) Lexicon-free handwritten word spotting using character HMMs. Pattern Recognit Lett 33(7):934942."
./data/pdf/62_2021_Handwritten Kazakh and Russian HKR database.pdf,259,"https:// doi. org/ 10. 1016/j. patrec. 2011. 09. 009 19. Fischer A, Suen C, Frinken V, Riesen K, Bunke H (2013) A fast matching algorithm for graph-based handwriting recognition."
./data/pdf/62_2021_Handwritten Kazakh and Russian HKR database.pdf,260,In: International Workshop on Graph-Based Representations in Pattern Recognition pp. 194203. Springer. https:// doi. org/ 10. 1007/ 978-364238221521 20.
./data/pdf/62_2021_Handwritten Kazakh and Russian HKR database.pdf,261,"Frinken V, Bunke H (2014) Continuous Handwritten Script Recognition, pp. 391425. Springer London, London. https:// doi. org/ 10. 1007/ 978-085729859-1_ 12 21."
./data/pdf/62_2021_Handwritten Kazakh and Russian HKR database.pdf,262,"Frinken V, Fischer A, Manmatha R, Bunke H (2011) A novel word spotting method based on recurrent neural networks. IEEE Trans Pattern Anal Mach Intell 34(2):211224. https:// doi. org/ 10. 1109/ TPAMI."
./data/pdf/62_2021_Handwritten Kazakh and Russian HKR database.pdf,263,"2011. 113 22. Gatos B, Pratikakis I, Perantonis S (2006) Hybrid off-line cursive handwriting word recognition. In: 18th Int Conf Pattern Recognit vol. 2, pp. 9981002. IEEE. https:// doi. org/ 10."
./data/pdf/62_2021_Handwritten Kazakh and Russian HKR database.pdf,264,"1109/ ICPR. 2006. 644 23. Geist JC, Wilkinson R, Janet S, Grother PJ, Hammond B, Larsen NW, Klear R, Matsko MJ, Burges CJ, Creecy R et al (1994) The second census optical character recognition systems conference."
./data/pdf/62_2021_Handwritten Kazakh and Russian HKR database.pdf,265,"Tech. rep, National Institute of Standards and Technology 24. Grosicki E, Carr M, Geoffrois E, Prteux F (2006) RIMES evaluation campaign for handwritten mail processing."
./data/pdf/62_2021_Handwritten Kazakh and Russian HKR database.pdf,266,"In: Proceedings of the Tenth International Workshop on Frontiers in Handwriting Recognition, pp. 231235 25."
./data/pdf/62_2021_Handwritten Kazakh and Russian HKR database.pdf,267,"Guichard L, Toselli AH, Coasnon B (2010) Handwritten word verification by SVM-based hypotheses re-scoring and multiple thresholds rejection."
./data/pdf/62_2021_Handwritten Kazakh and Russian HKR database.pdf,268,In: 12th International Conference on Frontiers in Handwriting Recognition pp. 5762. IEEE. https:// doi. org/ 10. 1109/ ICFHR. 2010. 15 26.
./data/pdf/62_2021_Handwritten Kazakh and Russian HKR database.pdf,269,"Gnter S, Bunke H (2003) Ensembles of classifiers for handwritten word recognition. Int J Doc Anal Recognit 5(4):224232. https:// doi. org/ 10."
./data/pdf/62_2021_Handwritten Kazakh and Russian HKR database.pdf,270,"1007/ s100320020088-2 Content courtesy of Springer Nature, terms of use apply. Rights reserved. Multimedia Tools and Applications 1 3 27."
./data/pdf/62_2021_Handwritten Kazakh and Russian HKR database.pdf,271,"Ha TM, Bunke H (1997) Off-line, handwritten numeral recognition by perturbation method. IEEE Trans Pattern Anal Mach Intell 19(5):535539. https:// doi. org/ 10. 1109/ 34. 589216 28."
./data/pdf/62_2021_Handwritten Kazakh and Russian HKR database.pdf,272,"He K, Zhang X, Ren S, Sun J (2015) Delving deep into rectifiers: Surpassing human-level performance on imagenet classification. In: Proc IEEE Int Conf Comput Vis pp. 10261034 29."
./data/pdf/62_2021_Handwritten Kazakh and Russian HKR database.pdf,273,"Hinton G, Srivastava N, Swersky K (2012) Neural networks for machine learning lecture 6a overview of mini-batch gradient descent. Cited on 14(8) 30."
./data/pdf/62_2021_Handwritten Kazakh and Russian HKR database.pdf,274,"Jain R, Doermann D (2011) Offline writer identification using K-adjacent segments. In: International Conference on Document Analysis and Recognition, pp. 769773. IEEE. https:// doi. org/ 10."
./data/pdf/62_2021_Handwritten Kazakh and Russian HKR database.pdf,275,"1109/ ICDAR. 2011. 159 31. John J, Balakrishnan K, Pramod V (2013) A system for offline recognition of handwritten characters in malayalam script. Int J Image Graph Signal Process 5:5359."
./data/pdf/62_2021_Handwritten Kazakh and Russian HKR database.pdf,276,"https:// doi. org/ 10. 5815/ ijigsp. 2013. 04. 07 32. Kermorvant C, Louradour J (2010) Handwritten mail classification experiments with the RIMES database."
./data/pdf/62_2021_Handwritten Kazakh and Russian HKR database.pdf,277,"In: 12th International Conference on Frontiers in Handwriting Recognition, pp. 241246. IEEE. https:// doi. org/ 10. 1109/ ICFHR. 2010. 45 33."
./data/pdf/62_2021_Handwritten Kazakh and Russian HKR database.pdf,278,"Kleber F, Fiel S, Diem M, Sablatnig R (2013) CVL-database: An off-line database for writer retrieval, writer identification and word spotting."
./data/pdf/62_2021_Handwritten Kazakh and Russian HKR database.pdf,279,"In: 12th International Conference on Document Analysis and Recognition, pp. 560564. IEEE. https:// doi. org/ 10. 1109/ ICDAR. 2013. 117 34."
./data/pdf/62_2021_Handwritten Kazakh and Russian HKR database.pdf,280,"Liu CL, Yin F, Wang DH, Wang QF (2011) Casia online and offline chinese handwriting databases. In: 2011 International Conference on Document Analysis and Recognition pp. 3741. IEEE 35."
./data/pdf/62_2021_Handwritten Kazakh and Russian HKR database.pdf,281,"Liu H, Ding X (2005) Handwritten character recognition using gradient feature and quadratic classifier with multiple discrimination schemes."
./data/pdf/62_2021_Handwritten Kazakh and Russian HKR database.pdf,282,"In: Eighth International Conference on Document Analysis and Recognition (ICDAR05), pp. 1923. https:// doi. org/ 10. 1109/ ICDAR. 2005. 123 36."
./data/pdf/62_2021_Handwritten Kazakh and Russian HKR database.pdf,283,Lcm HT (2018) Line-level handwritten text recognition with tensorflow. https:// github. com/ lamho angtu ng/ LineH TR. Last accessed 11 May 2020 37.
./data/pdf/62_2021_Handwritten Kazakh and Russian HKR database.pdf,284,"Maken P, Gupta A (2021) A method for automatic classification of gender based on text-independent handwriting. Multimed Tools Appl pp. 130 38."
./data/pdf/62_2021_Handwritten Kazakh and Russian HKR database.pdf,285,"Maken P, Gupta A, Gupta MK (2019) A study on various techniques involved in gender prediction system: a comprehensive review. Cybern Inf Technol 19(2):5173 39."
./data/pdf/62_2021_Handwritten Kazakh and Russian HKR database.pdf,286,"Marti UV, Bunke H (1999) A full English sentence database for off-line handwriting recognition. In: Proceedings of the Fifth International Conference on Document Analysis and Recognition."
./data/pdf/62_2021_Handwritten Kazakh and Russian HKR database.pdf,287,"ICDAR99 (Cat. No. PR00318), pp. 705708. IEEE. https:// doi. org/ 10. 1109/ ICDAR. 1999. 791885 40."
./data/pdf/62_2021_Handwritten Kazakh and Russian HKR database.pdf,288,"Marti UV, Bunke H (2002) The IAM-database: An English sentence database for offline handwriting recognition. Int J Doc Anal Recognit 5(1):3946. https:// doi. org/ 10. 1007/ s1003 20200 071 41."
./data/pdf/62_2021_Handwritten Kazakh and Russian HKR database.pdf,289,"Montreuil F, Grosicki E, Heutte L, Nicolas S (2009) Unconstrained handwritten document layout extraction using 2D conditional random fields."
./data/pdf/62_2021_Handwritten Kazakh and Russian HKR database.pdf,290,"In: 10th International Conference on Document Analy sis and Recognition, pp. 853857. IEEE. https:// doi. org/ 10. 1109/ ICDAR. 2009. 132 42. Net N (2020) Nomeroff net."
./data/pdf/62_2021_Handwritten Kazakh and Russian HKR database.pdf,291,automatic numberplate recognition system. version 0.3.1. https:// nomer off. net. ua/. Last accessed 11 May 2020 43.
./data/pdf/62_2021_Handwritten Kazakh and Russian HKR database.pdf,292,"Parvez M, Mahmoud S (2013) Arabic handwriting recognition using structural and syntactic pattern attributes. Pattern Recognit 46(1):141154. https:// doi. org/ 10. 1016/j. patcog. 2012. 07. 012 44."
./data/pdf/62_2021_Handwritten Kazakh and Russian HKR database.pdf,293,"Pechwitz M, Maddouri SS, Mrgner V, Ellouze N, Amiri H et al (2002) Ifn/enit-database of handwritten arabic words. In: Proc. of CIFED vol. 2, pp. 127136. Citeseer 45."
./data/pdf/62_2021_Handwritten Kazakh and Russian HKR database.pdf,294,"Puigcerver J (2017) Are multidimensional recurrent layers really necessary for handwritten text recognition? In: 14th IAPR International Conference on Document Analysis and Recognition (ICDAR), vol."
./data/pdf/62_2021_Handwritten Kazakh and Russian HKR database.pdf,295,"1, pp. 6772. IEEE 46. Salvi D, Zhou J, Waggoner J, Wang S (2013) Handwritten text segmentation using average longest path algorithm."
./data/pdf/62_2021_Handwritten Kazakh and Russian HKR database.pdf,296,"In: Proceedings of IEEE Workshop on Applications of Computer Vision, pp. 505512. IEEE. https:// doi. org/ 10. 1109/ WACV. 2013. 64750 61 47."
./data/pdf/62_2021_Handwritten Kazakh and Russian HKR database.pdf,297,"Santos R, Clemente G, Ing Ren T, Cavalcanti G (2009) Text line segmentation based on morphology and histogram projection. In: 10th International Conference on Document Analysis and Recognition, pp."
./data/pdf/62_2021_Handwritten Kazakh and Russian HKR database.pdf,298,651655. IEEE. https:// doi. org/ 10. 1109/ ICDAR. 2009. 183 48. Scheidl H (2018) Handwritten text recognition in historical documents. Technische Universitt Wien 49.
./data/pdf/62_2021_Handwritten Kazakh and Russian HKR database.pdf,299,Scheidl H (2018) Handwritten text recognition with tensorflow. https:// github. com/ githu bhara ld/ Simpl eHTR. Last accessed 11 May 2020 50.
./data/pdf/62_2021_Handwritten Kazakh and Russian HKR database.pdf,300,"Shi B, Bai X, Yao C (2016) An end-to-end trainable neural network for image-based sequence recognition and its application to scene text recognition."
./data/pdf/62_2021_Handwritten Kazakh and Russian HKR database.pdf,301,IEEE Trans Pattern Anal Mach Intell 39(11):22982304 51.
./data/pdf/62_2021_Handwritten Kazakh and Russian HKR database.pdf,302,"Siddiqi I, Vincent N (2010) Text independent writer recognition using redundant writing patterns with contour-based orientation and curvature features. Pattern Recognit 43(11):38533865. https:// doi."
./data/pdf/62_2021_Handwritten Kazakh and Russian HKR database.pdf,303,"org/ 10. 1016/j. patcog. 2010. 05. 019 Content courtesy of Springer Nature, terms of use apply. Rights reserved.Multimedia Tools and Applications 1 3 52."
./data/pdf/62_2021_Handwritten Kazakh and Russian HKR database.pdf,304,"Smith SJ, Bourgoin MO, Sims K, Voorhees HL (1994) Handwritten character classification using nearest neighbor in large databases. IEEE Trans Pattern Anal Mach Intell 16(9):915919. https:// doi."
./data/pdf/62_2021_Handwritten Kazakh and Russian HKR database.pdf,305,"org/ 10. 1109/ 34. 310689 53. Srivastava N, Hinton G, Krizhevsky A, Sutskever I, Salakhutdinov R (2014) Dropout: a simple way to prevent neural networks from overfitting."
./data/pdf/62_2021_Handwritten Kazakh and Russian HKR database.pdf,306,"J Mach Learn Res 15(1):19291958 54. Tao D, Liang L, Jin L, Gao Y (2014) Similar handwritten chinese character recognition by kernel discriminative locality alignment. Pattern Recognit Lett 35, 186194."
./data/pdf/62_2021_Handwritten Kazakh and Russian HKR database.pdf,307,"https:// doi. org/ 10. 1016/j. patrec. 2012. 06. 014.Frontiers in Handwriting Processing 55. Vinciarelli A, Luettin J (2001) A new normalization technique for cursive handwritten words."
./data/pdf/62_2021_Handwritten Kazakh and Russian HKR database.pdf,308,"Pattern Recognit Lett 22(9):10431050 56. Voigtlaender P, Doetsch P, Ney H (2016) Handwriting recognition with large multidimensional long short-term memory recurrent neural networks."
./data/pdf/62_2021_Handwritten Kazakh and Russian HKR database.pdf,309,"In: 15th International Conference on Frontiers in Handwriting Recognition (ICFHR), pp. 228233. IEEE 57."
./data/pdf/62_2021_Handwritten Kazakh and Russian HKR database.pdf,310,"Wshah S, Kumar G, Govindaraju V (2012) Multilingual word spotting in offline handwritten documents. In: Proceedings of the 21st International Conference on Pattern Recognition (ICPR2012), pp. 310313."
./data/pdf/62_2021_Handwritten Kazakh and Russian HKR database.pdf,311,"IEEE 58. Wshah S, Kumar G, Govindaraju V (2012) Script independent word spotting in offline handwritten documents based on hidden Markov models."
./data/pdf/62_2021_Handwritten Kazakh and Russian HKR database.pdf,312,"In: International Conference on Frontiers in Handwriting Recognition, pp. 1419. IEEE https:// doi. org/ 10. 1109/ ICFHR. 2012. 264 59."
./data/pdf/62_2021_Handwritten Kazakh and Russian HKR database.pdf,313,"Zamora-Martinez F, Frinken V, Espana-Boquera S, Castro-Bleda MJ, Fischer A, Bunke H (2014) Neural network language models for off-line handwriting recognition. Pattern Recognit 47(4):16421652."
./data/pdf/62_2021_Handwritten Kazakh and Russian HKR database.pdf,314,"https:// doi. org/ 10. 1016/j. patcog. 2013. 10. 020 60. Zhou S, Chen Q, Wang X (2014) Handwritten chinese text editing and recognition system. Multimed Tools Appl 71(3):13631380 61."
./data/pdf/62_2021_Handwritten Kazakh and Russian HKR database.pdf,315,"Zimmermann M, Bunke H (2002) Automatic segmentation of the IAM off-line database for handwritten English text. In: Proc Int Conf Pattern Recognit vol. 4, pp. 3539. IEEE. https:// doi. org/ 10."
./data/pdf/62_2021_Handwritten Kazakh and Russian HKR database.pdf,316,1109/ ICPR. 2002. 10473 94 Publishers Note Springer Nature remains neutral with regard to jurisdictional claims in published maps and institutional affiliations.
./data/pdf/62_2021_Handwritten Kazakh and Russian HKR database.pdf,317,"Content courtesy of Springer Nature, terms of use apply. Rights reserved.1. 2. 3. 4. 5."
./data/pdf/62_2021_Handwritten Kazakh and Russian HKR database.pdf,318,"6.Terms and Conditions Springer Nature journal content, brought to you courtesy of Springer Nature Customer Service Center GmbH (Springer Nature)."
./data/pdf/62_2021_Handwritten Kazakh and Russian HKR database.pdf,319,"Springer Nature supports a reasonable amount of sharing of research papers by authors, subscribers and authorised users (Users), for small-scale personal, non-commercial use provided that all copyright, trade and service marks and other proprietary notices are maintained."
./data/pdf/62_2021_Handwritten Kazakh and Russian HKR database.pdf,320,"By accessing, sharing, receiving or otherwise using the Springer Nature journal content you agree to these terms of use (Terms)."
./data/pdf/62_2021_Handwritten Kazakh and Russian HKR database.pdf,321,"For these purposes, Springer Nature considers academic use (by researchers and students) to be non-commercial."
./data/pdf/62_2021_Handwritten Kazakh and Russian HKR database.pdf,322,"These Terms are supplementary and will apply in addition to any applicable website terms and conditions, a relevant site licence or a personal subscription."
./data/pdf/62_2021_Handwritten Kazakh and Russian HKR database.pdf,323,"These Terms will prevail over any conflict or ambiguity with regards to the relevant terms, a site licence or a personal subscription (to the extent of the conflict or ambiguity only)."
./data/pdf/62_2021_Handwritten Kazakh and Russian HKR database.pdf,324,"For Creative Commons-licensed articles, the terms of the Creative Commons license used will apply. We collect and use personal data to provide access to the Springer Nature journal content."
./data/pdf/62_2021_Handwritten Kazakh and Russian HKR database.pdf,325,"We may also use these personal data internally within ResearchGate and Springer Nature and as agreed share it, in an anonymised way, for purposes of tracking, analysis and reporting."
./data/pdf/62_2021_Handwritten Kazakh and Russian HKR database.pdf,326,We will not otherwise disclose your personal data outside the ResearchGate or the Springer Nature group of companies unless we have your permission as detailed in the Privacy Policy.
./data/pdf/62_2021_Handwritten Kazakh and Russian HKR database.pdf,327,"While Users may use the Springer Nature journal content for small scale, personal non-commercial use, it is important to note that Users may not: use such content for the purpose of providing other users with access on a regular or large scale basis or as a means to circumvent access control; use such content where to do so would be considered a criminal or statutory offence in any jurisdiction, or gives rise to civil liability, or is otherwise unlawful; falsely or misleadingly imply or suggest endorsement, approval , sponsorship, or association unless explicitly agreed to by Springer Nature in writing; use bots or other automated methods to access the content or redirect messages override any security feature or exclusionary protocol; or share the content in order to create substitute for Springer Nature products or services or a systematic database of Springer Nature journal content."
./data/pdf/62_2021_Handwritten Kazakh and Russian HKR database.pdf,328,"In line with the restriction against commercial use, Springer Nature does not permit the creation of a product or service that creates revenue, royalties, rent or income from our content or its inclusion as part of a paid for service or for other commercial gain."
./data/pdf/62_2021_Handwritten Kazakh and Russian HKR database.pdf,329,"Springer Nature journal content cannot be used for inter-library loans and librarians may not upload Springer Nature journal content on a large scale into their, or any other, institutional repository."
./data/pdf/62_2021_Handwritten Kazakh and Russian HKR database.pdf,330,These terms of use are reviewed regularly and may be amended at any time.
./data/pdf/62_2021_Handwritten Kazakh and Russian HKR database.pdf,331,"Springer Nature is not obligated to publish any information or content on this website and may remove it or features or functionality at our sole discretion, at any time with or without notice."
./data/pdf/62_2021_Handwritten Kazakh and Russian HKR database.pdf,332,Springer Nature may revoke this licence to you at any time and remove access to any copies of the Springer Nature journal content which have been saved.
./data/pdf/62_2021_Handwritten Kazakh and Russian HKR database.pdf,333,"To the fullest extent permitted by law, Springer Nature makes no warranties, representations or guarantees to Users, either express or implied with respect to the Springer nature journal content and all parties disclaim and waive any implied warranties or warranties imposed by law, including merchantability or fitness for any particular purpose."
./data/pdf/62_2021_Handwritten Kazakh and Russian HKR database.pdf,334,"Please note that these rights do not automatically extend to content, data or other material published by Springer Nature that may be licensed from third parties."
./data/pdf/62_2021_Handwritten Kazakh and Russian HKR database.pdf,335,"If you would like to use or distribute our Springer Nature journal content to a wider audience or on a regular basis or in any other manner not expressly permitted by these Terms, please contact Springer Nature at onlineservice@springernature.com."
